jdate,retweets,favorites,tweetcount,movretweets,movfavorites,movtweets,mov_rt_rat,mov_fav_rat,rt_rat,fav_rat
1,2463,4165,24,NA,NA,NA,NA,NA,102.625,173.541666666667
2,279,379,7,1021,1661,13.6666666666667,74.7073170731707,121.536585365854,39.8571428571429,54.1428571428571
3,321,439,10,405.333333333333,476,10.6666666666667,38,44.625,32.1,43.9
4,616,610,15,564.333333333333,633.333333333333,13.3333333333333,42.325,47.5,41.0666666666667,40.6666666666667
5,756,851,15,585.666666666667,612.666666666667,15,39.0444444444444,40.8444444444444,50.4,56.7333333333333
6,385,377,15,890.666666666667,780.333333333333,17.6666666666667,50.4150943396226,44.1698113207547,25.6666666666667,25.1333333333333
7,1531,1113,23,724,605.333333333333,15.6666666666667,46.2127659574468,38.6382978723404,66.5652173913043,48.3913043478261
8,256,326,9,795.666666666667,738.333333333333,12.6666666666667,62.8157894736842,58.2894736842105,28.4444444444444,36.2222222222222
9,600,776,6,302.666666666667,382.666666666667,6,50.4444444444444,63.7777777777778,100,129.333333333333
10,52,46,3,396.666666666667,490,5.66666666666667,70,86.4705882352941,17.3333333333333,15.3333333333333
11,538,648,8,533,664.333333333333,12.3333333333333,43.2162162162162,53.8648648648649,67.25,81
12,1009,1299,26,695.666666666667,869.333333333333,15,46.3777777777778,57.9555555555556,38.8076923076923,49.9615384615385
13,540,661,11,648,881.666666666667,16,40.5,55.1041666666667,49.0909090909091,60.0909090909091
14,395,685,11,425.333333333333,611.666666666667,11,38.6666666666667,55.6060606060606,35.9090909090909,62.2727272727273
15,341,489,11,342,518.666666666667,9.33333333333333,36.6428571428571,55.5714285714286,31,44.4545454545455
16,290,382,6,315,446.666666666667,7.66666666666667,41.0869565217391,58.2608695652174,48.3333333333333,63.6666666666667
17,314,469,6,238.333333333333,332.333333333333,5.66666666666667,42.0588235294118,58.6470588235294,52.3333333333333,78.1666666666667
18,111,146,5,234,328.333333333333,5.66666666666667,41.2941176470588,57.9411764705882,22.2,29.2
19,277,370,6,1087.33333333333,739.666666666667,9,120.814814814815,82.1851851851852,46.1666666666667,61.6666666666667
20,2874,1703,16,1266.66666666667,968.666666666667,10.6666666666667,118.75,90.8125,179.625,106.4375
21,649,833,10,1367.33333333333,1069.66666666667,11,124.30303030303,97.2424242424242,64.9,83.3
22,579,673,7,1138,1513,8,142.25,189.125,82.7142857142857,96.1428571428571
23,2186,3033,7,946.333333333333,1274.66666666667,5.33333333333333,177.4375,239,312.285714285714,433.285714285714
24,74,118,2,875.333333333333,1212.33333333333,5.33333333333333,164.125,227.3125,37,59
25,366,486,7,198,283,4,49.5,70.75,52.2857142857143,69.4285714285714
26,154,245,3,303,430.666666666667,6,50.5,71.7777777777778,51.3333333333333,81.6666666666667
27,389,561,8,300.666666666667,431,6.66666666666667,45.1,64.65,48.625,70.125
28,359,487,9,411,609.333333333333,8.66666666666667,47.4230769230769,70.3076923076923,39.8888888888889,54.1111111111111
29,485,780,9,289,430.666666666667,6.66666666666667,43.35,64.6,53.8888888888889,86.6666666666667
30,23,25,2,208.666666666667,331.333333333333,5,41.7333333333333,66.2666666666667,11.5,12.5
31,118,189,4,257,354,6,42.8333333333333,59,29.5,47.25
32,630,848,12,507,630.333333333333,8.33333333333333,60.84,75.64,52.5,70.6666666666667
33,773,854,9,644.666666666667,759,10.3333333333333,62.3870967741935,73.4516129032258,85.8888888888889,94.8888888888889
34,531,575,10,612,756.666666666667,10.3333333333333,59.2258064516129,73.2258064516129,53.1,57.5
35,532,841,12,528.333333333333,712.666666666667,11,48.030303030303,64.7878787878788,44.3333333333333,70.0833333333333
36,522,722,11,465.333333333333,727.666666666667,10,46.5333333333333,72.7666666666667,47.4545454545455,65.6363636363636
37,342,620,7,670.666666666667,1009.66666666667,9.66666666666667,69.3793103448276,104.448275862069,48.8571428571429,88.5714285714286
38,1148,1687,11,735.333333333333,1058,11.3333333333333,64.8823529411765,93.3529411764706,104.363636363636,153.363636363636
39,716,867,16,919.333333333333,1267.66666666667,14,65.6666666666667,90.5476190476191,44.75,54.1875
40,894,1249,15,732.666666666667,1053,15,48.8444444444444,70.2,59.6,83.2666666666667
41,588,1043,14,671,978.666666666667,14,47.9285714285714,69.9047619047619,42,74.5
42,531,644,13,667.333333333333,936,13.6666666666667,48.8292682926829,68.4878048780488,40.8461538461538,49.5384615384615
43,883,1121,14,607.333333333333,827,12,50.6111111111111,68.9166666666667,63.0714285714286,80.0714285714286
44,408,716,9,572,809,9,63.5555555555556,89.8888888888889,45.3333333333333,79.5555555555556
45,425,590,4,367.666666666667,559,5,73.5333333333333,111.8,106.25,147.5
46,270,371,2,411.333333333333,583.666666666667,4.33333333333333,94.9230769230769,134.692307692308,135,185.5
47,539,790,7,710,761.333333333333,8.66666666666667,81.9230769230769,87.8461538461539,77,112.857142857143
48,1321,1123,17,894.333333333333,1026.66666666667,14,63.8809523809524,73.3333333333333,77.7058823529412,66.0588235294118
49,823,1167,18,763.333333333333,846.333333333333,13.3333333333333,57.25,63.475,45.7222222222222,64.8333333333333
50,146,249,5,386,546.333333333333,8,48.25,68.2916666666667,29.2,49.8
51,189,223,1,111.666666666667,157.333333333333,2,55.8333333333333,78.6666666666667,189,223
52,0,0,0,246.333333333333,266.666666666667,4,61.5833333333333,66.6666666666667,0,0
53,550,577,11,346.666666666667,366.333333333333,7.66666666666667,45.2173913043478,47.7826086956522,50,52.4545454545455
54,490,522,12,549.333333333333,648,12,45.7777777777778,54,40.8333333333333,43.5
55,608,845,13,439.666666666667,521.333333333333,10.6666666666667,41.21875,48.875,46.7692307692308,65
56,221,197,7,510.666666666667,693.666666666667,10.3333333333333,49.4193548387097,67.1290322580645,31.5714285714286,28.1428571428571
57,703,1039,11,409,536,7.33333333333333,55.7727272727273,73.0909090909091,63.9090909090909,94.4545454545455
58,303,372,4,356.666666666667,496.666666666667,6,59.4444444444444,82.7777777777778,75.75,93
59,64,79,3,750,962,7,107.142857142857,137.428571428571,21.3333333333333,26.3333333333333
60,1883,2435,14,859.333333333333,1124.33333333333,11.3333333333333,75.8235294117647,99.2058823529412,134.5,173.928571428571
61,631,859,17,1256,1668,15.6666666666667,80.1702127659574,106.468085106383,37.1176470588235,50.5294117647059
62,1254,1710,16,945.666666666667,1284.33333333333,15,63.0444444444444,85.6222222222222,78.375,106.875
63,952,1284,12,885.333333333333,1210.33333333333,12.3333333333333,71.7837837837838,98.1351351351351,79.3333333333333,107
64,450,637,9,467.333333333333,640.333333333333,7,66.7619047619048,91.4761904761905,50,70.7777777777778
65,0,0,0,299,451.666666666667,4.66666666666667,64.0714285714286,96.7857142857143,0,0
66,447,718,5,274,391,5,54.8,78.2,89.4,143.6
67,375,455,10,689,769.666666666667,9.66666666666667,71.2758620689655,79.6206896551724,37.5,45.5
68,1245,1136,14,1014,993.333333333333,12,84.5,82.7777777777778,88.9285714285714,81.1428571428571
69,1422,1389,12,1057.33333333333,1092.33333333333,12.3333333333333,85.7297297297297,88.5675675675676,118.5,115.75
70,505,752,11,742.333333333333,866.333333333333,10.3333333333333,71.8387096774194,83.8387096774194,45.9090909090909,68.3636363636364
71,300,458,8,297,446,7,42.4285714285714,63.7142857142857,37.5,57.25
72,86,128,2,134,203.333333333333,4,33.5,50.8333333333333,43,64
73,16,24,2,204,288.333333333333,4.33333333333333,47.0769230769231,66.5384615384615,8,12
74,510,713,9,395.666666666667,507.333333333333,7.33333333333333,53.9545454545455,69.1818181818182,56.6666666666667,79.2222222222222
75,661,785,11,624.666666666667,851,10.3333333333333,60.4516129032258,82.3548387096774,60.0909090909091,71.3636363636364
76,703,1055,11,948.666666666667,1182,12.3333333333333,76.9189189189189,95.8378378378378,63.9090909090909,95.9090909090909
77,1482,1706,15,967,1278.66666666667,12.3333333333333,78.4054054054054,103.675675675676,98.8,113.733333333333
78,716,1075,11,937.666666666667,1274.66666666667,10.6666666666667,87.90625,119.5,65.0909090909091,97.7272727272727
79,615,1043,6,1173.33333333333,1551.66666666667,7,167.619047619048,221.666666666667,102.5,173.833333333333
80,2189,2537,4,1104.33333333333,1422.33333333333,8,138.041666666667,177.791666666667,547.25,634.25
81,509,687,14,1160,1428.33333333333,11,105.454545454545,129.848484848485,36.3571428571429,49.0714285714286
82,782,1061,15,630.666666666667,888.333333333333,13.3333333333333,47.3,66.625,52.1333333333333,70.7333333333333
83,601,917,11,633.333333333333,958.333333333333,12.3333333333333,51.3513513513514,77.7027027027027,54.6363636363636,83.3636363636364
84,517,897,11,627,956,10.6666666666667,58.78125,89.625,47,81.5454545454545
85,763,1054,10,431.333333333333,660,7.33333333333333,58.8181818181818,90,76.3,105.4
86,14,29,1,374,559,4.33333333333333,86.3076923076923,129,14,29
87,345,594,2,266,419.333333333333,5,53.2,83.8666666666667,172.5,297
88,439,635,12,406.333333333333,674,8.33333333333333,48.76,80.88,36.5833333333333,52.9166666666667
89,435,793,11,808.333333333333,1203.66666666667,15.3333333333333,52.7173913043478,78.5,39.5454545454545,72.0909090909091
90,1551,2183,23,1015.66666666667,1526.33333333333,17,59.7450980392157,89.7843137254902,67.4347826086957,94.9130434782609
91,1061,1603,17,1223.33333333333,1771.66666666667,17,71.9607843137255,104.21568627451,62.4117647058824,94.2941176470588
92,1058,1529,11,827.333333333333,1246.66666666667,11,75.2121212121212,113.333333333333,96.1818181818182,139
93,363,608,5,616.666666666667,929.666666666667,6.33333333333333,97.3684210526316,146.789473684211,72.6,121.6
94,429,652,3,582.333333333333,832.333333333333,7.33333333333333,79.4090909090909,113.5,143,217.333333333333
95,955,1237,14,812.666666666667,1172.33333333333,11,73.8787878787879,106.575757575758,68.2142857142857,88.3571428571429
96,1054,1628,16,797,1091,14.6666666666667,54.3409090909091,74.3863636363636,65.875,101.75
97,382,408,14,658.666666666667,905.666666666667,13.3333333333333,49.4,67.925,27.2857142857143,29.1428571428571
98,540,681,10,670,834.666666666667,15,44.6666666666667,55.6444444444444,54,68.1
99,1088,1415,21,705.333333333333,953.333333333333,13.3333333333333,52.9,71.5,51.8095238095238,67.3809523809524
100,488,764,9,578,805,12,48.1666666666667,67.0833333333333,54.2222222222222,84.8888888888889
101,158,236,6,443,679.333333333333,8.66666666666667,51.1153846153846,78.3846153846154,26.3333333333333,39.3333333333333
102,683,1038,11,560,831.333333333333,12.6666666666667,44.2105263157895,65.6315789473684,62.0909090909091,94.3636363636364
103,839,1220,21,924.666666666667,1435.66666666667,17.6666666666667,52.3396226415094,81.2641509433962,39.9523809523809,58.0952380952381
104,1252,2049,21,1058.66666666667,1643,23,46.0289855072464,71.4347826086957,59.6190476190476,97.5714285714286
105,1085,1660,27,1089.33333333333,1702,24,45.3888888888889,70.9166666666667,40.1851851851852,61.4814814814815
106,931,1397,24,759,1182.66666666667,19.3333333333333,39.2586206896552,61.1724137931035,38.7916666666667,58.2083333333333
107,261,491,7,688,1209,13.6666666666667,50.3414634146341,88.4634146341463,37.2857142857143,70.1428571428571
108,872,1739,10,739.333333333333,1229,12,61.6111111111111,102.416666666667,87.2,173.9
109,1085,1457,19,1203.66666666667,1626,18.3333333333333,65.6545454545455,88.6909090909091,57.1052631578947,76.6842105263158
110,1654,1682,26,1171.66666666667,1498,29.3333333333333,39.9431818181818,51.0681818181818,63.6153846153846,64.6923076923077
111,776,1355,43,1304.66666666667,1700,30.6666666666667,42.5434782608696,55.4347826086956,18.046511627907,31.5116279069767
112,1484,2063,23,1289.33333333333,1766.33333333333,32,40.2916666666667,55.1979166666667,64.5217391304348,89.695652173913
113,1608,1881,30,1148,1553.33333333333,21.3333333333333,53.8125,72.8125,53.6,62.7
114,352,716,11,813.666666666667,1172,16,50.8541666666667,73.25,32,65.0909090909091
115,481,919,7,453.333333333333,815.666666666667,11,41.2121212121212,74.1515151515151,68.7142857142857,131.285714285714
116,527,812,15,566.666666666667,859.333333333333,14,40.4761904761905,61.3809523809524,35.1333333333333,54.1333333333333
117,692,847,20,601.666666666667,861.333333333333,20,30.0833333333333,43.0666666666667,34.6,42.35
118,586,925,25,699.333333333333,1044,21,33.3015873015873,49.7142857142857,23.44,37
119,820,1360,18,736,1196,19.6666666666667,37.4237288135593,60.8135593220339,45.5555555555556,75.5555555555556
120,802,1303,16,611.333333333333,967.333333333333,13.3333333333333,45.85,72.55,50.125,81.4375
121,212,239,6,370.666666666667,584,9.66666666666667,38.3448275862069,60.4137931034483,35.3333333333333,39.8333333333333
122,98,210,7,232,299.666666666667,9,25.7777777777778,33.2962962962963,14,30
123,386,450,14,640.666666666667,1036.66666666667,14.3333333333333,44.6976744186046,72.3255813953488,27.5714285714286,32.1428571428571
124,1438,2450,22,863.666666666667,1373,17,50.8039215686275,80.7647058823529,65.3636363636364,111.363636363636
125,767,1219,15,941.666666666667,1527.33333333333,18,52.3148148148148,84.8518518518518,51.1333333333333,81.2666666666667
126,620,913,17,724.333333333333,1027.33333333333,18,40.2407407407407,57.0740740740741,36.4705882352941,53.7058823529412
127,786,950,22,567.333333333333,818,17,33.3725490196078,48.1176470588235,35.7272727272727,43.1818181818182
128,296,591,12,509.333333333333,772,14.3333333333333,35.5348837209302,53.8604651162791,24.6666666666667,49.25
129,446,775,9,429,784.333333333333,12.6666666666667,33.8684210526316,61.921052631579,49.5555555555556,86.1111111111111
130,545,987,17,1255,1927.66666666667,13.6666666666667,91.8292682926829,141.048780487805,32.0588235294118,58.0588235294118
131,2774,4021,15,1368.33333333333,2043.33333333333,17.6666666666667,77.4528301886792,115.660377358491,184.933333333333,268.066666666667
132,786,1122,21,1324.66666666667,1956.33333333333,16.6666666666667,79.48,117.38,37.4285714285714,53.4285714285714
133,414,726,14,592,1028.33333333333,17,34.8235294117647,60.4901960784314,29.5714285714286,51.8571428571429
134,576,1237,16,427,837.333333333333,11.6666666666667,36.6,71.7714285714286,36,77.3125
135,291,549,5,332.333333333333,665,8.66666666666667,38.3461538461538,76.7307692307692,58.2,109.8
136,130,209,5,306,507,8.66666666666667,35.3076923076923,58.5,26,41.8
137,497,763,16,610.666666666667,927.666666666667,12,50.8888888888889,77.3055555555556,31.0625,47.6875
138,1205,1811,15,911.333333333333,1228.66666666667,17,53.6078431372549,72.2745098039216,80.3333333333333,120.733333333333
139,1032,1112,20,1001.33333333333,1399.66666666667,16,62.5833333333333,87.4791666666667,51.6,55.6
140,767,1276,13,916.333333333333,1143,16.3333333333333,56.1020408163265,69.9795918367347,59,98.1538461538462
141,950,1041,16,646.333333333333,880.333333333333,12,53.8611111111111,73.3611111111111,59.375,65.0625
142,222,324,7,453.666666666667,546,11,41.2424242424242,49.6363636363636,31.7142857142857,46.2857142857143
143,189,273,10,522,754,10.6666666666667,48.9375,70.6875,18.9,27.3
144,1155,1665,15,620,924.666666666667,12.3333333333333,50.2702702702703,74.972972972973,77,111
145,516,836,12,768,1134,14.3333333333333,53.5813953488372,79.1162790697674,43,69.6666666666667
146,633,901,16,588.666666666667,864.333333333333,13.6666666666667,43.0731707317073,63.2439024390244,39.5625,56.3125
147,617,856,13,782.333333333333,944,14.6666666666667,53.3409090909091,64.3636363636364,47.4615384615385,65.8461538461538
148,1097,1075,15,587,682.666666666667,11.3333333333333,51.7941176470588,60.2352941176471,73.1333333333333,71.6666666666667
149,47,117,6,396.666666666667,439,9.33333333333333,42.5,47.0357142857143,7.83333333333333,19.5
150,46,125,7,212,430.333333333333,6.33333333333333,33.4736842105263,67.9473684210526,6.57142857142857,17.8571428571429
151,543,1049,6,371,676.666666666667,9.33333333333333,39.75,72.5,90.5,174.833333333333
152,524,856,15,560,1014,10.6666666666667,52.5,95.0625,34.9333333333333,57.0666666666667
153,613,1137,11,631.666666666667,972.333333333333,12.6666666666667,49.8684210526316,76.7631578947368,55.7272727272727,103.363636363636
154,758,924,12,627.666666666667,912,10.6666666666667,58.84375,85.5,63.1666666666667,77
155,512,675,9,474.333333333333,658.333333333333,9,52.7037037037037,73.1481481481482,56.8888888888889,75
156,153,376,6,230.333333333333,369.333333333333,6,38.3888888888889,61.5555555555556,25.5,62.6666666666667
157,26,57,3,181,331.333333333333,7.33333333333333,24.6818181818182,45.1818181818182,8.66666666666667,19
158,364,561,13,233.666666666667,377.333333333333,8.33333333333333,28.04,45.28,28,43.1538461538462
159,311,514,9,528,782.666666666667,12.3333333333333,42.8108108108108,63.4594594594595,34.5555555555556,57.1111111111111
160,909,1273,15,621.666666666667,985.666666666667,12.6666666666667,49.0789473684211,77.8157894736842,60.6,84.8666666666667
161,645,1170,14,712.333333333333,1074,16.6666666666667,42.74,64.44,46.0714285714286,83.5714285714286
162,583,779,21,561.333333333333,923,15,37.4222222222222,61.5333333333333,27.7619047619048,37.0952380952381
163,456,820,10,413,663.666666666667,12,34.4166666666667,55.3055555555556,45.6,82
164,200,392,5,374.333333333333,678.666666666667,8.66666666666667,43.1923076923077,78.3076923076923,40,78.4
165,467,824,11,457.333333333333,872,10,45.7333333333333,87.2,42.4545454545455,74.9090909090909
166,705,1400,14,489.666666666667,953.333333333333,12,40.8055555555556,79.4444444444444,50.3571428571429,100
167,297,636,11,671.666666666667,1149.33333333333,13.6666666666667,49.1463414634146,84.0975609756098,27,57.8181818181818
168,1013,1412,16,490,771,10.6666666666667,45.9375,72.28125,63.3125,88.25
169,160,265,5,402.666666666667,592,9,44.7407407407407,65.7777777777778,32,53
170,35,99,6,113.666666666667,239.333333333333,5,22.7333333333333,47.8666666666667,5.83333333333333,16.5
171,146,354,4,299,421,8.66666666666667,34.5,48.5769230769231,36.5,88.5
172,716,810,16,514.666666666667,807,12.6666666666667,40.6315789473684,63.7105263157895,44.75,50.625
173,682,1257,18,649,964,14.6666666666667,44.25,65.7272727272727,37.8888888888889,69.8333333333333
174,549,825,10,742,1255,17.3333333333333,42.8076923076923,72.4038461538462,54.9,82.5
175,995,1683,24,1262.66666666667,1870.33333333333,16,78.9166666666667,116.895833333333,41.4583333333333,70.125
176,2244,3103,14,1120,1668,15.3333333333333,73.0434782608696,108.782608695652,160.285714285714,221.642857142857
177,121,218,8,882.666666666667,1306,9.33333333333333,94.5714285714286,139.928571428571,15.125,27.25
178,283,597,6,405.333333333333,708,11,36.8484848484848,64.3636363636364,47.1666666666667,99.5
179,812,1309,19,548.333333333333,906,14.6666666666667,37.3863636363636,61.7727272727273,42.7368421052632,68.8947368421053
180,550,812,19,634,1021.66666666667,17,37.2941176470588,60.0980392156863,28.9473684210526,42.7368421052632
181,540,944,13,741.666666666667,1134,16.6666666666667,44.5,68.04,41.5384615384615,72.6153846153846
182,1135,1646,18,848.333333333333,1265.33333333333,14,60.5952380952381,90.3809523809524,63.0555555555556,91.4444444444444
183,870,1206,11,745.666666666667,1093.33333333333,13,57.3589743589744,84.1025641025641,79.0909090909091,109.636363636364
184,232,428,10,446,714.333333333333,10,44.6,71.4333333333333,23.2,42.8
185,236,509,9,364.333333333333,747,9.66666666666667,37.6896551724138,77.2758620689655,26.2222222222222,56.5555555555556
186,625,1304,10,359,757.666666666667,10,35.9,75.7666666666667,62.5,130.4
187,216,460,11,442,881.333333333333,12.3333333333333,35.8378378378378,71.4594594594595,19.6363636363636,41.8181818181818
188,485,880,16,441.333333333333,743,13.6666666666667,32.2926829268293,54.3658536585366,30.3125,55
189,623,889,14,455,726,12.6666666666667,35.921052631579,57.3157894736842,44.5,63.5
190,257,409,8,324.666666666667,486,9.66666666666667,33.5862068965517,50.2758620689655,32.125,51.125
191,94,160,7,143.666666666667,241.666666666667,8,17.9583333333333,30.2083333333333,13.4285714285714,22.8571428571429
192,80,156,9,221.666666666667,336.666666666667,10.3333333333333,21.4516129032258,32.5806451612903,8.88888888888889,17.3333333333333
193,491,694,15,851.333333333333,1564.66666666667,10,85.1333333333333,156.466666666667,32.7333333333333,46.2666666666667
194,1983,3844,6,971.333333333333,1787.66666666667,10.3333333333333,94,173,330.5,640.666666666667
195,440,825,10,934.666666666667,1764,9.33333333333333,100.142857142857,189,44,82.5
196,381,623,12,300,524.333333333333,9.66666666666667,31.0344827586207,54.2413793103448,31.75,51.9166666666667
197,79,125,7,161.666666666667,274.666666666667,8,20.2083333333333,34.3333333333333,11.2857142857143,17.8571428571429
198,25,76,5,57.6666666666667,114.333333333333,6.33333333333333,9.10526315789474,18.0526315789474,5,15.2
199,69,142,7,155,282.333333333333,8.33333333333333,18.6,33.88,9.85714285714286,20.2857142857143
200,371,629,13,638.666666666667,742.333333333333,13,49.1282051282051,57.1025641025641,28.5384615384615,48.3846153846154
201,1476,1456,19,817,1016.33333333333,17.3333333333333,47.1346153846154,58.6346153846154,77.6842105263158,76.6315789473684
202,604,964,20,879.333333333333,1104,18.3333333333333,47.9636363636364,60.2181818181818,30.2,48.2
203,558,892,16,755.333333333333,997.666666666667,17.3333333333333,43.5769230769231,57.5576923076923,34.875,55.75
204,1104,1137,16,575.666666666667,718.333333333333,12.6666666666667,45.4473684210526,56.7105263157895,69,71.0625
205,65,126,6,427.666666666667,487,9,47.5185185185185,54.1111111111111,10.8333333333333,21
206,114,198,5,318,518.666666666667,9,35.3333333333333,57.6296296296296,22.8,39.6
207,775,1232,16,632.333333333333,1025,12,52.6944444444444,85.4166666666667,48.4375,77
208,1008,1645,15,876.333333333333,1469,16.3333333333333,53.6530612244898,89.9387755102041,67.2,109.666666666667
209,846,1530,18,797.666666666667,1437.66666666667,17.6666666666667,45.1509433962264,81.377358490566,47,85
210,539,1138,20,552,1039,17.3333333333333,31.8461538461538,59.9423076923077,26.95,56.9
211,271,449,14,284.333333333333,570.333333333333,12.3333333333333,23.0540540540541,46.2432432432432,19.3571428571429,32.0714285714286
212,43,124,3,168,360.666666666667,10,16.8,36.0666666666667,14.3333333333333,41.3333333333333
213,190,509,13,272.666666666667,490,9.33333333333333,29.2142857142857,52.5,14.6153846153846,39.1538461538462
214,585,837,12,553,664,14.6666666666667,37.7045454545455,45.2727272727273,48.75,69.75
215,884,646,19,679.333333333333,850.666666666667,17,39.9607843137255,50.0392156862745,46.5263157894737,34
216,569,1069,20,552.333333333333,737,20.3333333333333,27.1639344262295,36.2459016393443,28.45,53.45
217,204,496,22,396.666666666667,774.666666666667,19.6666666666667,20.1694915254237,39.3898305084746,9.27272727272727,22.5454545454545
218,417,759,17,248.333333333333,519,15.3333333333333,16.195652173913,33.8478260869565,24.5294117647059,44.6470588235294
219,124,302,7,255.666666666667,476,10.6666666666667,23.96875,44.625,17.7142857142857,43.1428571428571
220,226,367,8,298.333333333333,493.333333333333,10,29.8333333333333,49.3333333333333,28.25,45.875
221,545,811,15,457,741.333333333333,13.6666666666667,33.4390243902439,54.2439024390244,36.3333333333333,54.0666666666667
222,600,1046,18,549,948,18.3333333333333,29.9454545454545,51.7090909090909,33.3333333333333,58.1111111111111
223,502,987,22,740.666666666667,1201,20.6666666666667,35.8387096774194,58.1129032258064,22.8181818181818,44.8636363636364
224,1120,1570,22,753.666666666667,1178.33333333333,19,39.6666666666667,62.0175438596491,50.9090909090909,71.3636363636364
225,639,978,13,669,1039.33333333333,14.3333333333333,46.6744186046512,72.5116279069767,49.1538461538462,75.2307692307692
226,248,570,8,403.666666666667,777.333333333333,9.66666666666667,41.7586206896552,80.4137931034483,31,71.25
227,324,784,8,469.666666666667,948.666666666667,14,33.5476190476191,67.7619047619048,40.5,98
228,837,1492,26,672.666666666667,1220.33333333333,18.6666666666667,36.0357142857143,65.375,32.1923076923077,57.3846153846154
229,857,1385,22,882,1223,23,38.3478260869565,53.1739130434783,38.9545454545455,62.9545454545455
230,952,792,21,774,1064,21.3333333333333,36.28125,49.875,45.3333333333333,37.7142857142857
231,513,1015,21,907.333333333333,1428.66666666667,22.6666666666667,40.0294117647059,63.0294117647059,24.4285714285714,48.3333333333333
232,1257,2479,26,600.666666666667,1196,17.6666666666667,34,67.6981132075472,48.3461538461538,95.3461538461538
233,32,94,6,438.333333333333,883,12.6666666666667,34.6052631578947,69.7105263157895,5.33333333333333,15.6666666666667
234,26,76,6,256,441,10.6666666666667,24,41.34375,4.33333333333333,12.6666666666667
235,710,1153,20,537,940.666666666667,14.6666666666667,36.6136363636364,64.1363636363636,35.5,57.65
236,875,1593,18,887.666666666667,1623.33333333333,19,46.719298245614,85.4385964912281,48.6111111111111,88.5
237,1078,2124,19,3297.66666666667,5514.33333333333,21.3333333333333,154.578125,258.484375,56.7368421052632,111.789473684211
238,7940,12826,27,3191.33333333333,5412,20,159.566666666667,270.6,294.074074074074,475.037037037037
239,556,1286,14,2905,4863,16.3333333333333,177.857142857143,297.734693877551,39.7142857142857,91.8571428571429
240,219,477,8,299.666666666667,698,9.66666666666667,31,72.2068965517241,27.375,59.625
241,124,331,7,226,444,9.33333333333333,24.2142857142857,47.5714285714286,17.7142857142857,47.2857142857143
242,335,524,13,284.666666666667,482.666666666667,10.6666666666667,26.6875,45.25,25.7692307692308,40.3076923076923
243,395,593,12,487.666666666667,781,16,30.4791666666667,48.8125,32.9166666666667,49.4166666666667
244,733,1226,23,447.333333333333,716.333333333333,17,26.3137254901961,42.1372549019608,31.8695652173913,53.304347826087
245,214,330,16,507,834,16,31.6875,52.125,13.375,20.625
246,574,946,9,328.666666666667,574,9.66666666666667,34,59.3793103448276,63.7777777777778,105.111111111111
247,198,446,4,284.666666666667,502.333333333333,7.33333333333333,38.8181818181818,68.5,49.5,111.5
248,82,115,9,143.333333333333,300.333333333333,7,20.4761904761905,42.9047619047619,9.11111111111111,12.7777777777778
249,150,340,8,353,567.333333333333,12.6666666666667,27.8684210526316,44.7894736842105,18.75,42.5
250,827,1247,21,646.333333333333,927,16,40.3958333333333,57.9375,39.3809523809524,59.3809523809524
251,962,1194,19,776,1061.66666666667,19.3333333333333,40.1379310344828,54.9137931034483,50.6315789473684,62.8421052631579
252,539,744,18,582.333333333333,797.333333333333,15.3333333333333,37.9782608695652,52,29.9444444444444,41.3333333333333
253,246,454,9,278.666666666667,447,11.6666666666667,23.8857142857143,38.3142857142857,27.3333333333333,50.4444444444444
254,51,143,8,116.333333333333,240,7.66666666666667,15.1739130434783,31.304347826087,6.375,17.875
255,52,123,6,92,182.666666666667,10.3333333333333,8.90322580645161,17.6774193548387,8.66666666666667,20.5
256,173,282,17,213.666666666667,395.666666666667,13.6666666666667,15.6341463414634,28.9512195121951,10.1764705882353,16.5882352941176
257,416,782,18,254,431,14.3333333333333,17.7209302325581,30.0697674418605,23.1111111111111,43.4444444444444
258,173,229,8,391,714.333333333333,13.3333333333333,29.325,53.575,21.625,28.625
259,584,1132,14,336,582.666666666667,13.6666666666667,24.5853658536585,42.6341463414634,41.7142857142857,80.8571428571429
260,251,387,19,402.333333333333,759.666666666667,15,26.8222222222222,50.6444444444444,13.2105263157895,20.3684210526316
261,372,760,12,253,483.666666666667,14,18.0714285714286,34.5476190476191,31,63.3333333333333
262,136,304,11,261,477.666666666667,12,21.75,39.8055555555556,12.3636363636364,27.6363636363636
263,275,369,13,356.333333333333,439,12.3333333333333,28.8918918918919,35.5945945945946,21.1538461538462,28.3846153846154
264,658,644,13,444.666666666667,629.666666666667,13.3333333333333,33.35,47.225,50.6153846153846,49.5384615384615
265,401,876,14,647,988,14.6666666666667,44.1136363636364,67.3636363636364,28.6428571428571,62.5714285714286
266,882,1444,17,536.666666666667,1044.33333333333,14.3333333333333,37.4418604651163,72.8604651162791,51.8823529411765,84.9411764705882
267,327,813,12,503.333333333333,944.666666666667,12.6666666666667,39.7368421052632,74.5789473684211,27.25,67.75
268,301,577,9,248,564.333333333333,9.66666666666667,25.6551724137931,58.3793103448276,33.4444444444444,64.1111111111111
269,116,303,8,367.666666666667,719.666666666667,10,36.7666666666667,71.9666666666667,14.5,37.875
270,686,1279,13,404.666666666667,750.333333333333,12.3333333333333,32.8108108108108,60.8378378378378,52.7692307692308,98.3846153846154
271,412,669,16,465.333333333333,845.666666666667,13,35.7948717948718,65.051282051282,25.75,41.8125
272,298,589,10,351,619.666666666667,13.6666666666667,25.6829268292683,45.3414634146341,29.8,58.9
273,343,601,15,302.666666666667,485,11.3333333333333,26.7058823529412,42.7941176470588,22.8666666666667,40.0666666666667
274,267,265,9,278,413.666666666667,10.6666666666667,26.0625,38.78125,29.6666666666667,29.4444444444444
275,224,375,8,184.333333333333,273,7,26.3333333333333,39,28,46.875
276,62,179,4,248,381.666666666667,10.3333333333333,24,36.9354838709677,15.5,44.75
277,458,591,19,378.666666666667,596.333333333333,14,27.047619047619,42.5952380952381,24.1052631578947,31.1052631578947
278,616,1019,19,677,1055.33333333333,20.6666666666667,32.758064516129,51.0645161290322,32.4210526315789,53.6315789473684
279,957,1556,24,879,1210,21,41.8571428571429,57.6190476190476,39.875,64.8333333333333
280,1064,1055,20,811,1102.66666666667,19.3333333333333,41.948275862069,57.0344827586207,53.2,52.75
281,412,697,14,641,850,14.3333333333333,44.7209302325581,59.3023255813953,29.4285714285714,49.7857142857143
282,447,798,9,380,671,11,34.5454545454545,61,49.6666666666667,88.6666666666667
283,281,518,10,257,465.666666666667,8,32.125,58.2083333333333,28.1,51.8
284,43,81,5,514,931.333333333333,12.6666666666667,40.5789473684211,73.5263157894737,8.6,16.2
285,1218,2195,23,556,973,18,30.8888888888889,54.0555555555556,52.9565217391304,95.4347826086957
286,407,643,26,764.666666666667,1410.66666666667,22,34.7575757575758,64.1212121212121,15.6538461538462,24.7307692307692
287,669,1394,17,406,754.666666666667,16,25.375,47.1666666666667,39.3529411764706,82
288,142,227,5,363.666666666667,669.666666666667,10,36.3666666666667,66.9666666666667,28.4,45.4
289,280,388,8,196.666666666667,344.666666666667,6.33333333333333,31.0526315789474,54.421052631579,35,48.5
290,168,419,6,225,385,8.33333333333333,27,46.2,28,69.8333333333333
291,227,348,11,398,664.333333333333,10.6666666666667,37.3125,62.28125,20.6363636363636,31.6363636363636
292,799,1226,15,463.666666666667,763.666666666667,12,38.6388888888889,63.6388888888889,53.2666666666667,81.7333333333333
293,365,717,10,587.666666666667,926,14,41.9761904761905,66.1428571428571,36.5,71.7
294,599,835,17,430.666666666667,746.666666666667,11.6666666666667,36.9142857142857,64,35.2352941176471,49.1176470588235
295,328,688,8,441.333333333333,758.666666666667,11,40.1212121212121,68.969696969697,41,86
296,397,753,8,431.666666666667,815.666666666667,8,53.9583333333333,101.958333333333,49.625,94.125
297,570,1006,8,456,831.666666666667,10,45.6,83.1666666666667,71.25,125.75
298,401,736,14,453.333333333333,726.666666666667,10.3333333333333,43.8709677419355,70.3225806451613,28.6428571428571,52.5714285714286
299,389,438,9,535.666666666667,785.333333333333,12,44.6388888888889,65.4444444444444,43.2222222222222,48.6666666666667
300,817,1182,13,535,744.666666666667,12.6666666666667,42.2368421052632,58.7894736842105,62.8461538461538,90.9230769230769
301,399,614,16,470.333333333333,674.333333333333,12,39.1944444444444,56.1944444444444,24.9375,38.375
302,195,227,7,208.333333333333,300,9,23.1481481481481,33.3333333333333,27.8571428571429,32.4285714285714
303,31,59,4,83.3333333333333,120,5,16.6666666666667,24,7.75,14.75
304,24,74,4,118.666666666667,288.666666666667,5.33333333333333,22.25,54.125,6,18.5
305,301,733,8,397.666666666667,700.333333333333,10.3333333333333,38.4838709677419,67.7741935483871,37.625,91.625
306,868,1294,19,655,1158.33333333333,13.3333333333333,49.125,86.875,45.6842105263158,68.1052631578947
307,796,1448,13,773,1313,20,38.65,65.65,61.2307692307692,111.384615384615
308,655,1197,28,1871,3671,19,98.4736842105263,193.210526315789,23.3928571428571,42.75
309,4162,8368,16,1626,3235.66666666667,19,85.5789473684211,170.298245614035,260.125,523
310,61,142,13,1424.66666666667,2869,11.6666666666667,122.114285714286,245.914285714286,4.69230769230769,10.9230769230769
311,51,97,6,219.666666666667,429.333333333333,10.3333333333333,21.258064516129,41.5483870967742,8.5,16.1666666666667
312,547,1049,12,424.333333333333,675.333333333333,10.6666666666667,39.78125,63.3125,45.5833333333333,87.4166666666667
313,675,880,14,462,754,13.6666666666667,33.8048780487805,55.1707317073171,48.2142857142857,62.8571428571429
314,164,333,15,500.333333333333,767.333333333333,17.3333333333333,28.8653846153846,44.2692307692308,10.9333333333333,22.2
315,662,1089,23,518.666666666667,919.333333333333,15.6666666666667,33.1063829787234,58.6808510638298,28.7826086956522,47.3478260869565
316,730,1336,9,514.333333333333,901,12.3333333333333,41.7027027027027,73.054054054054,81.1111111111111,148.444444444444
317,151,278,5,367.666666666667,680,6.33333333333333,58.0526315789474,107.368421052632,30.2,55.6
318,222,426,5,222.333333333333,389.333333333333,7,31.7619047619048,55.6190476190476,44.4,85.2
319,294,464,11,197.333333333333,333.666666666667,8.66666666666667,22.7692307692308,38.5,26.7272727272727,42.1818181818182
320,76,111,10,198.666666666667,336.666666666667,10,19.8666666666667,33.6666666666667,7.6,11.1
321,226,435,9,317.333333333333,442,12.6666666666667,25.0526315789474,34.8947368421053,25.1111111111111,48.3333333333333
322,650,780,19,426.333333333333,609,13.6666666666667,31.1951219512195,44.5609756097561,34.2105263157895,41.0526315789474
323,403,612,13,434,584,12.3333333333333,35.1891891891892,47.3513513513513,31,47.0769230769231
324,249,360,5,229.333333333333,353.333333333333,7.66666666666667,29.9130434782609,46.0869565217391,49.8,72
325,36,88,5,289,485,8,36.125,60.625,7.2,17.6
326,582,1007,14,439.333333333333,722.666666666667,10.3333333333333,42.5161290322581,69.9354838709677,41.5714285714286,71.9285714285714
327,700,1073,12,501,824.333333333333,10.3333333333333,48.4838709677419,79.7741935483871,58.3333333333333,89.4166666666667
328,221,393,5,1885.33333333333,2576.66666666667,8.66666666666667,217.538461538462,297.307692307692,44.2,78.6
329,4735,6264,9,1825,2584.33333333333,7.66666666666667,238.04347826087,337.086956521739,526.111111111111,696
330,519,1096,9,1770.66666666667,2494.66666666667,7.33333333333333,241.454545454545,340.181818181818,57.6666666666667,121.777777777778
331,58,124,4,247.333333333333,482.666666666667,5.33333333333333,46.375,90.5,14.5,31
332,165,228,3,244.666666666667,474,6.33333333333333,38.6315789473684,74.8421052631579,55,76
333,511,1070,12,329.333333333333,605,9,36.5925925925926,67.2222222222222,42.5833333333333,89.1666666666667
334,312,517,12,508.666666666667,897.333333333333,13.6666666666667,37.219512195122,65.6585365853659,26,43.0833333333333
335,703,1105,17,608.666666666667,946.333333333333,14.3333333333333,42.4651162790698,66.0232558139535,41.3529411764706,65
336,811,1217,14,651.333333333333,1096,14.6666666666667,44.4090909090909,74.7272727272727,57.9285714285714,86.9285714285714
337,440,966,13,430.666666666667,764.333333333333,10.6666666666667,40.375,71.65625,33.8461538461538,74.3076923076923
338,41,110,5,180.333333333333,407.666666666667,8.33333333333333,21.64,48.92,8.2,22
339,60,147,7,179,385,8.33333333333333,21.48,46.2,8.57142857142857,21
340,436,898,13,259,559,10.3333333333333,25.0645161290323,54.0967741935484,33.5384615384615,69.0769230769231
341,281,632,11,418,796,12,34.8333333333333,66.3333333333333,25.5454545454545,57.4545454545455
342,537,858,12,473.333333333333,827,10.6666666666667,44.375,77.53125,44.75,71.5
343,602,991,9,540,878.666666666667,12.3333333333333,43.7837837837838,71.2432432432432,66.8888888888889,110.111111111111
344,481,787,16,509,874.666666666667,13,39.1538461538462,67.2820512820513,30.0625,49.1875
345,444,846,14,427,794.666666666667,13,32.8461538461538,61.1282051282051,31.7142857142857,60.4285714285714
346,356,751,9,345.333333333333,687.666666666667,12,28.7777777777778,57.3055555555556,39.5555555555556,83.4444444444444
347,236,466,13,873,1728,13,67.1538461538462,132.923076923077,18.1538461538462,35.8461538461538
348,2027,3967,17,1297,2497.33333333333,14,92.6428571428571,178.380952380952,119.235294117647,233.352941176471
349,1628,3059,12,1451.33333333333,2632,14.3333333333333,101.255813953488,183.627906976744,135.666666666667,254.916666666667
350,699,870,14,897,1498.66666666667,12.3333333333333,72.7297297297297,121.513513513514,49.9285714285714,62.1428571428571
351,364,567,11,627.666666666667,1272,10.6666666666667,58.84375,119.25,33.0909090909091,51.5454545454545
352,820,2379,7,581.666666666667,1351,7.66666666666667,75.8695652173913,176.217391304348,117.142857142857,339.857142857143
353,561,1107,5,1033,1834,8,129.125,229.25,112.2,221.4
354,1718,2016,12,961,1429,9.66666666666667,99.4137931034483,147.827586206897,143.166666666667,168
355,604,1164,12,939,1345.66666666667,11.6666666666667,80.4857142857143,115.342857142857,50.3333333333333,97
356,495,857,11,418.333333333333,779.333333333333,9.66666666666667,43.2758620689655,80.6206896551724,45,77.9090909090909
357,156,317,6,381,747.333333333333,8.66666666666667,43.9615384615385,86.2307692307692,26,52.8333333333333
358,492,1068,9,327,717.666666666667,6.33333333333333,51.6315789473684,113.315789473684,54.6666666666667,118.666666666667
359,333,768,4,457.666666666667,1032.66666666667,5.66666666666667,80.7647058823529,182.235294117647,83.25,192
360,548,1262,4,343,788.333333333333,4.33333333333333,79.1538461538462,181.923076923077,137,315.5
361,148,335,5,267,598.333333333333,5.33333333333333,50.0625,112.1875,29.6,67
362,105,198,7,552.666666666667,953.666666666667,7.66666666666667,72.0869565217391,124.391304347826,15,28.2857142857143
363,1405,2328,11,642.666666666667,1087,9,71.4074074074074,120.777777777778,127.727272727273,211.636363636364
364,418,735,9,686,1207,10.3333333333333,66.3870967741936,116.806451612903,46.4444444444444,81.6666666666667
365,235,558,11,471.333333333333,1198.66666666667,9.66666666666667,48.7586206896552,124,21.3636363636364,50.7272727272727
366,761,2303,9,536.666666666667,1381.33333333333,10.3333333333333,51.9354838709677,133.677419354839,84.5555555555556,255.888888888889
367,614,1283,11,518.666666666667,1340,9,57.6296296296296,148.888888888889,55.8181818181818,116.636363636364
368,181,434,7,424.333333333333,863.666666666667,8.66666666666667,48.9615384615385,99.6538461538462,25.8571428571429,62
369,478,874,8,601,1219,9,66.7777777777778,135.444444444444,59.75,109.25
370,1144,2349,12,817,1576,12.3333333333333,66.2432432432432,127.783783783784,95.3333333333333,195.75
371,829,1505,17,733.333333333333,1463.66666666667,12.3333333333333,59.4594594594595,118.675675675676,48.7647058823529,88.5294117647059
372,227,537,8,478,903.333333333333,10,47.8,90.3333333333333,28.375,67.125
373,378,668,5,252,521,5.66666666666667,44.4705882352941,91.9411764705882,75.6,133.6
374,151,358,4,1136.66666666667,1284,7,162.380952380952,183.428571428571,37.75,89.5
375,2881,2826,12,1156.33333333333,1358.66666666667,7.66666666666667,150.826086956522,177.217391304348,240.083333333333,235.5
376,437,892,7,1216,1443.66666666667,9.66666666666667,125.793103448276,149.344827586207,62.4285714285714,127.428571428571
377,330,613,10,769,1227.66666666667,8.66666666666667,88.7307692307692,141.653846153846,33,61.3
378,1540,2178,9,945,1443.33333333333,9.33333333333333,101.25,154.642857142857,171.111111111111,242
379,965,1539,9,888.666666666667,1375.66666666667,7,126.952380952381,196.52380952381,107.222222222222,171
380,161,410,3,637.333333333333,1091.33333333333,5,127.466666666667,218.266666666667,53.6666666666667,136.666666666667
381,786,1325,3,475,923,3.66666666666667,129.545454545455,251.727272727273,262,441.666666666667
382,478,1034,5,747.333333333333,1529.33333333333,5,149.466666666667,305.866666666667,95.6,206.8
383,978,2229,7,1324.66666666667,2310,9,147.185185185185,256.666666666667,139.714285714286,318.428571428571
384,2518,3667,15,1372.66666666667,2443,9.66666666666667,142,252.724137931035,167.866666666667,244.466666666667
385,622,1433,7,1134,1875,8.33333333333333,136.08,225,88.8571428571429,204.714285714286
386,262,525,3,3061.33333333333,6109,6,510.222222222222,1018.16666666667,87.3333333333333,175
387,8300,16369,8,4713.66666666667,9566.66666666667,5,942.733333333333,1913.33333333333,1037.5,2046.125
388,5579,11806,4,7034.66666666667,16356,7,1004.95238095238,2336.57142857143,1394.75,2951.5
389,7225,20893,9,11384.3333333333,27911.3333333333,6.33333333333333,1797.52631578947,4407.05263157895,802.777777777778,2321.44444444444
390,21349,51035,6,9841.66666666667,24533.6666666667,6.66666666666667,1476.25,3680.05,3558.16666666667,8505.83333333333
391,951,1673,5,8004.66666666667,18887,7.66666666666667,1044.08695652174,2463.52173913043,190.2,334.6
392,1714,3953,12,1286.66666666667,3354,8.33333333333333,154.4,402.48,142.833333333333,329.416666666667
393,1195,4436,8,1107.66666666667,3107.33333333333,8,138.458333333333,388.416666666667,149.375,554.5
394,414,933,4,579.333333333333,1861.33333333333,4.33333333333333,133.692307692308,429.538461538462,103.5,233.25
395,129,215,1,628,1705.33333333333,3,209.333333333333,568.444444444444,129,215
396,1341,3968,4,624,1787.33333333333,3,208,595.777777777778,335.25,992
397,402,1179,4,856.333333333333,2333,4.33333333333333,197.615384615385,538.384615384615,100.5,294.75
398,826,1852,5,645,1380.66666666667,4.33333333333333,148.846153846154,318.615384615385,165.2,370.4
399,707,1111,4,1000.33333333333,2663.33333333333,5,200.066666666667,532.666666666667,176.75,277.75
400,1468,5027,6,788,2167.66666666667,3.66666666666667,214.909090909091,591.181818181818,244.666666666667,837.833333333333
401,189,365,1,834.666666666667,2371.66666666667,4,208.666666666667,592.916666666667,189,365
402,847,1723,5,1025,1986,4.33333333333333,236.538461538462,458.307692307692,169.4,344.6
403,2039,3870,7,1143.66666666667,2162.66666666667,5.66666666666667,201.823529411765,381.647058823529,291.285714285714,552.857142857143
404,545,895,5,931,1689.66666666667,5.33333333333333,174.5625,316.8125,109,179
405,209,304,4,410.333333333333,716.333333333333,4.33333333333333,94.6923076923077,165.307692307692,52.25,76
406,477,950,4,365.333333333333,695.333333333333,3.66666666666667,99.6363636363636,189.636363636364,119.25,237.5
407,410,832,3,430,850,3.33333333333333,129,255,136.666666666667,277.333333333333
408,403,768,3,301.666666666667,590.666666666667,2.33333333333333,129.285714285714,253.142857142857,134.333333333333,256
409,92,172,1,482.666666666667,1011.33333333333,4,120.666666666667,252.833333333333,92,172
410,953,2094,8,512.666666666667,1163.33333333333,5,102.533333333333,232.666666666667,119.125,261.75
411,493,1224,6,641.333333333333,1563.33333333333,5.66666666666667,113.176470588235,275.882352941176,82.1666666666667,204
412,478,1372,3,833.666666666667,1565.66666666667,5.66666666666667,147.117647058824,276.294117647059,159.333333333333,457.333333333333
413,1530,2101,8,1141.33333333333,2283.66666666667,6.66666666666667,171.2,342.55,191.25,262.625
414,1416,3378,9,1212.33333333333,2476.33333333333,7.33333333333333,165.318181818182,337.681818181818,157.333333333333,375.333333333333
415,691,1950,5,1027.33333333333,2182,6,171.222222222222,363.666666666667,138.2,390
416,975,1218,4,903.333333333333,2315.66666666667,4.66666666666667,193.571428571429,496.214285714286,243.75,304.5
417,1044,3779,5,965.666666666667,2139,5.66666666666667,170.411764705882,377.470588235294,208.8,755.8
418,878,1420,8,783,2011,5.33333333333333,146.8125,377.0625,109.75,177.5
419,427,834,3,647,1084,6.33333333333333,102.157894736842,171.157894736842,142.333333333333,278
420,636,998,8,494.333333333333,965.666666666667,4.33333333333333,114.076923076923,222.846153846154,79.5,124.75
421,420,1065,2,404.666666666667,812.666666666667,4,101.166666666667,203.166666666667,210,532.5
422,158,375,2,356,969.333333333333,2.33333333333333,152.571428571429,415.428571428571,79,187.5
423,490,1468,3,571.333333333333,1464.33333333333,3.66666666666667,155.818181818182,399.363636363636,163.333333333333,489.333333333333
424,1066,2550,6,620,1575,4.33333333333333,143.076923076923,363.461538461539,177.666666666667,425
425,304,707,4,959,2286.33333333333,6.66666666666667,143.85,342.95,76,176.75
426,1507,3602,10,851,2101.66666666667,5.66666666666667,150.176470588235,370.882352941176,150.7,360.2
427,742,1996,3,1236.33333333333,2969,7.33333333333333,168.590909090909,404.863636363636,247.333333333333,665.333333333333
428,1460,3309,9,1246.33333333333,3323.66666666667,5.66666666666667,219.941176470588,586.529411764706,162.222222222222,367.666666666667
429,1537,4666,5,1282,3311,5.33333333333333,240.375,620.8125,307.4,933.2
430,849,1958,2,1125.66666666667,3057,4.33333333333333,259.769230769231,705.461538461539,424.5,979
431,991,2547,6,897.333333333333,2259.66666666667,5,179.466666666667,451.933333333333,165.166666666667,424.5
432,852,2274,7,911.666666666667,2234.66666666667,7.33333333333333,124.318181818182,304.727272727273,121.714285714286,324.857142857143
433,892,1883,9,764,1838.33333333333,8.33333333333333,91.68,220.6,99.1111111111111,209.222222222222
434,548,1358,9,1009,2375.33333333333,9,112.111111111111,263.925925925926,60.8888888888889,150.888888888889
435,1587,3885,9,849,2158,6.66666666666667,127.35,323.7,176.333333333333,431.666666666667
436,412,1231,2,750,1918.66666666667,4.33333333333333,173.076923076923,442.769230769231,206,615.5
437,251,640,2,305.666666666667,880.333333333333,2.66666666666667,114.625,330.125,125.5,320
438,254,770,4,418,1061.33333333333,4.66666666666667,89.5714285714286,227.428571428571,63.5,192.5
439,749,1774,8,523.666666666667,1319,6.33333333333333,82.6842105263158,208.263157894737,93.625,221.75
440,568,1413,7,691.333333333333,1575.33333333333,8,86.4166666666667,196.916666666667,81.1428571428571,201.857142857143
441,757,1539,9,1224.33333333333,2234,9,136.037037037037,248.222222222222,84.1111111111111,171
442,2348,3750,11,1088,1993.66666666667,7.33333333333333,148.363636363636,271.863636363636,213.454545454545,340.909090909091
443,159,692,2,964.333333333333,1842.33333333333,5.33333333333333,180.8125,345.4375,79.5,346
444,386,1085,3,776.666666666667,2092,6.33333333333333,122.631578947368,330.315789473684,128.666666666667,361.666666666667
445,1785,4499,14,1749.33333333333,5647.66666666667,8.33333333333333,209.92,677.72,127.5,321.357142857143
446,3077,11359,8,1983.66666666667,5888.33333333333,10.3333333333333,191.967741935484,569.838709677419,384.625,1419.875
447,1089,1807,9,1486,4710.33333333333,7,212.285714285714,672.904761904762,121,200.777777777778
448,292,965,4,537.666666666667,1114.66666666667,6.33333333333333,84.8947368421053,176,73,241.25
449,232,572,6,192,564.666666666667,4.33333333333333,44.3076923076923,130.307692307692,38.6666666666667,95.3333333333333
450,52,157,3,142.333333333333,315.666666666667,4,35.5833333333333,78.9166666666667,17.3333333333333,52.3333333333333
451,143,218,3,215,442.666666666667,4.33333333333333,49.6153846153846,102.153846153846,47.6666666666667,72.6666666666667
452,450,953,7,1205,4167.66666666667,6.66666666666667,180.75,625.15,64.2857142857143,136.142857142857
453,3022,11332,10,1414.66666666667,4759.33333333333,7.66666666666667,184.521739130435,620.782608695652,302.2,1133.2
454,772,1993,6,1458.66666666667,4911.66666666667,10.3333333333333,141.161290322581,475.322580645161,128.666666666667,332.166666666667
455,582,1410,15,777.666666666667,1882.66666666667,15.6666666666667,49.6382978723404,120.170212765957,38.8,94
456,979,2245,26,NA,NA,NA,NA,NA,37.6538461538462,86.3461538461538
